[
	{
		"year":2016,
		"works":[
			{"title":"Oy","id":1},
			{"title":"Bang","id":2},
			{"title":"Rosie","id":3},
			{"title":"Angelina","id":4},
			{"title":"Public Execution","id":5}
		]
	},
	{
		"year":2015,
		"works":[
			{"title":"Bill","id":6},
			{"title":"Abbi","id":7},
			{"title":"Ori","id":8}
		]
	},
	{
		"year":2014,
		"works":[
			{"title":"Sleeping Woman","id":9}
		]
	},
	{
		"year":2012,
		"works":[
			{"title":"Fite","id":10}
		]
	}
]

// 	{	
// 		"title":"Oy",
// 		"id": 1
// 	},
// 	{	
// 		"title":"Bang",
// 		"id": 2
// 	},
// 	{
// 		"title":"Rosie",
// 		"id": 3
		
// 	},
// 	{
// 		"title":"Angelina",
// 		"id": 4
// 	},
// 	{
// 		"title":"Public Execution",
// 		"id":5
// 	},
// 	{
// 		"title":"Bill",
// 		"id":6
// 	},
// 	{
// 		"title":"Abbi",
// 		"id":7
// 	},
// 	{
// 		"title":"Ori",
// 		"id":8
// 	},
// 	{
// 		"title":"Sleeping Woman",
// 		"id":9
// 	},
// 	{
// 		"title":"Fite",
// 		"id":10
// 	}
// ]